id,value
TRBV19-TRBJ1.CASSMIANYGYTF,486813
TRBV27-TRBJ2.CASSLTIWGPEQYF,167575
TRBV28-TRBJ1.CASSGTGGFGTEAFF,123337
TRBV5-TRBJ2.CASSSSGTSGGGRLSQETQYF,71344
TRBV6-TRBJ2.CASSGPSLAQYF,41158
TRBV6-TRBJ2.CASSVYPGGEQFF,9150
TRBV6-TRBJ2.CASSWPGQIVYEQYF,3947
TRBV28-TRBJ2.CASSFSADSYEQYF,3685
TRBV6-TRBJ1.CASRRQGGGTEAFF,3675
TRBV15-TRBJ2.CATSITGGETQYF,3640
TRBV12-TRBJ2.CASRTSGQNTGELFF,3164
TRBV29-TRBJ1.CSVTGGVGYTF,2787
TRBV30-TRBJ2.CAWSVRYPSGWQFF,2551
TRBV7-TRBJ1.CASSLEAVNTEAFF,2317
TRBV6-TRBJ1.CASSEAQGRPNSPLHF,2179
TRBV6-TRBJ2.CASRSSGVYFGEQFF,1983
TRBV5-TRBJ1.CASSLEGRGSNTEAFF,1799
TRBV28-TRBJ1.CASSRRDSIYSNQPQHF,1700
TRBV5-TRBJ2.CASSLGQRGTQYF,1647
TRBV12-TRBJ1.CASSLDRSYSPLHF,1498
TRBV27-TRBJ2.CASSFGGKVYEQYF,1334
TRBV6-TRBJ2.CASSVWDNEQFF,1192
TRBV5-TRBJ2.CASSLVLVSGELFF,1038
TRBV7-TRBJ2.CASSPRTYEQYF,1011
TRBV20-TRBJ2.CSARDQGRGQFF,885
TRBV4-TRBJ2.CASSQDTYEQYF,865
TRBV7-TRBJ2.CASSTRPLRTGGADTQYF,852
TRBV7-TRBJ2.CASSRSPGTDVYF,763
TRBV11-TRBJ2.CASSLEAGFNNEQFF,618
TRBV7-TRBJ1.CASSLWGFDNSPLHF,598
TRBV12-TRBJ1.CASSLRGNYTEAFF,594
TRBV28-TRBJ1.CASSRGRSYNSPLHF,583
TRBV7-TRBJ2.CASSLDRAWEQYF,539
TRBV27-TRBJ1.CASSLKDRGESNQPQHF,536
TRBV2-TRBJ2.CASSAAGETYEQYF,487
TRBV6-TRBJ1.CASSQGGGDAEAFF,466
TRBV27-TRBJ1.CASSLIPTRPGATEAFF,456
TRBV4-TRBJ1.CASSQDAGNTEAFF,452
TRBV7-TRBJ1.CATERDPSGYTF,426
TRBV6-TRBJ2.CASTGGSLDEQYF,398
TRBV6-TRBJ2.CASFRANSYEQYF,378
TRBV6-TRBJ2.CASSYPGQGTYEQYF,366
TRBV19-TRBJ1.CASTGRDKGVEPQHF,363
TRBV15-TRBJ2.CATSRDRVETQYF,344
TRBV6-TRBJ2.CASSRSGGNYNEQFF,325
TRBV6-TRBJ2.CASSVPGTGGFEQYF,323
TRBV5-TRBJ2.CASSWDRGNEQYF,321
TRBV9-TRBJ1.CASSVEGGNTIYF,300
TRBV27-TRBJ2.CASSLGFSYEQYF,293
TRBV6-TRBJ2.CAAGTVNTGELFF,281
TRBV7-TRBJ1.CASSLPQDRGDYGYTF,267
TRBV6-TRBJ2.CASRWTSGGPFSYEQYF,261
TRBV7-TRBJ2.CASRQDVYEQYF,259
TRBV18-TRBJ1.CASSPPVQSGNTIYF,248
TRBV7-TRBJ1.CASSTPGEGYTF,248
TRBV6-TRBJ1.CASSEGLGGSRNTIYF,245
TRBV27-TRBJ2.CASSLSGPGFSEQYF,244
TRBV6-TRBJ2.CASSPRAGTSSDEQFF,243
TRBV7-TRBJ1.CASSSPDRDYGYTF,242
TRBV27-TRBJ1.CASSPTGSTEAFF,240
TRBV6-TRBJ2.CASSEDHGGSYEQYF,240
TRBV10-TRBJ2.CAISESESSSYNEQFF,233
TRBV27-TRBJ2.CASSFGRSRGGYEQYF,232
TRBV6-TRBJ2.CASSYSGGHTGELFF,222
TRBV10-TRBJ2.CAINNPGGTDTQYF,216
TRBV12-TRBJ2.CASSLQEYGTDTQYF,215
TRBV12-TRBJ2.CASSTGQPYEQYF,213
TRBV7-TRBJ2.CASSPTLNGRAGANVLTF,212
TRBV28-TRBJ2.CASSQEGRETQYF,211
TRBV5-TRBJ1.CASSFEKALNTEAFF,211
TRBV5-TRBJ2.CASSRGTGSQETQYF,210
TRBV27-TRBJ2.CASSDQDSYEQYF,204
TRBV27-TRBJ2.CASSTTGPYEQYF,198
TRBV27-TRBJ2.CASSLTIWGPEQY,196
TRBV4-TRBJ2.CASSQDSYEQYF,195
TRBV30-TRBJ1.CAWTGVENSPLHF,192
TRBV12-TRBJ1.CASRPGQGNSPLHF,191
TRBV18-TRBJ2.CASSPPSSTPYEQYF,190
TRBV3-TRBJ2.CASSIQRGGEQYF,189
TRBV28-TRBJ2.CASSFVSGTDTQYF,188
TRBV4-TRBJ1.CASSQDPQGVSPLHF,187
TRBV28-TRBJ2.CASSHLFPSGVTTDTQYF,183
TRBV5-TRBJ2.CARLEDRQYEQYF,179
TRBV5-TRBJ1.CASSLSGTNTEAFF,177
TRBV15-TRBJ2.CATSRVAGETQYF,177
TRBV20-TRBJ2.CSARDQGGGDQETQYF,174
TRBV7-TRBJ2.CASSLPGTPYEQYF,172
TRBV2-TRBJ1.CASSEGAGNSPLHF,164
TRBV7-TRBJ2.CASSAETYEQYF,161
TRBV28-TRBJ1.CASSLYSSYNSPLHF,158
TRBV5-TRBJ1.CASSLEGRGSNTEAFF,156
TRBV10-TRBJ2.CAISTGAPAGNEQFF,156
TRBV18-TRBJ2.CASSNWAEEQYF,155
TRBV6-TRBJ2.CASSDPRGLARTDTQYF,155
TRBV2-TRBJ1.CASSEGTGRNTIYF,155
TRBV2-TRBJ1.CARRPDRNTEAFF,153
TRBV2-TRBJ2.CASRTVSSYNEQFF,151
TRBV15-TRBJ2.CATSRVAGEEQYF,147
TRBV6-TRBJ2.CASISGGAEQYF,146
TRBV6-TRBJ2.CASSEVGGGTGELFF,139
TRBV6-TRBJ2.CASSLGLAPDTQYF,136
TRBV7-TRBJ2.CASSLAQDRTYEQYF,136
TRBV7-TRBJ2.CASSLGMTDTQYF,133
TRBV28-TRBJ2.CASSSRTSGSRYNEQFF,132
TRBV19-TRBJ1.CASSGDRGRGGYTF,130
TRBV7-TRBJ2.CASNGPINYEQYF,129
TRBV4-TRBJ1.CASSQDAGNTEAFF,122
TRBV6-TRBJ2.CASSYGDGKQFF,118
TRBV7-TRBJ2.CASSTSSGTGGYEQYF,116
TRBV20-TRBJ2.CSATMGQETQYF,115
TRBV28-TRBJ2.CASSPPLGQGPYEQYF,113
TRBV7-TRBJ2.CASSSYGTSSYEQYF,112
TRBV15-TRBJ2.CATSNGADTQYF,109
TRBV20-TRBJ1.CSARVRGGSPLHF,107
TRBV19-TRBJ1.CASSIGTGNGYTF,107
TRBV30-TRBJ1.CAWSPSGRYGYTF,107
TRBV5-TRBJ2.CASSSRVGELFF,104
TRBV11-TRBJ2.CASSAGPQAGYEQYF,104
TRBV27-TRBJ2.CASSLSRRKGGLYEQYF,104
TRBV6-TRBJ2.CASSEHSGGVYEQYF,102
TRBV19-TRBJ1.CASSMGTDINYGYTF,101
TRBV19-TRBJ2.CASSIALAGLSSYEQYF,101
TRBV24-TRBJ2.CATSDFRTENPYEQYF,99
TRBV12-TRBJ2.CASTKRLGSSYEQYF,98
TRBV5-TRBJ2.CASSLALYGGAPTTQETQYF,97
TRBV27-TRBJ2.CASSLNWRGSYEQYF,96
TRBV27-TRBJ1.CASSFTRQTSGNTIYF,95
TRBV2-TRBJ2.CASSKLTGGVGGELFF,95
TRBV6-TRBJ2.CASSYSQENPYEQYF,94
TRBV6-TRBJ2.CASSSGGAANEQFF,93
TRBV19-TRBJ1.CASSKTFDSPNTEAFF,92
TRBV19-TRBJ1.CASSFRQGSYTF,91
TRBV27-TRBJ2.CASSLNSGRAYEQYF,86
TRBV6-TRBJ1.CASSYGQTLYGYTF,85
TRBV27-TRBJ1.CASTSTGGGYGYTF,85
TRBV6-TRBJ2.CASSYSIGQSYEQYF,84
TRBV2-TRBJ2.CASGSDTGELFF,83
TRBV24-TRBJ1.CATSDSQGFGNQPQHF,83
TRBV4-TRBJ2.CASGRGTNTGELFF,83
TRBV12-TRBJ2.CASSALFSYEQYF,82
TRBV27-TRBJ2.CASSLLDTPWEQYF,80
TRBV27-TRBJ2.CASSLSYHFEQYF,80
TRBV20-TRBJ1.CSATPLGLGNQPQHF,79
TRBV28-TRBJ1.CASSPGMGGYTF,79
TRBV28-TRBJ2.CASSRTSASGELFF,79
TRBV28-TRBJ2.CASSRQGAGREQYF,78
TRBV28-TRBJ2.CASAEGGGRFEQYF,77
TRBV28-TRBJ1.CASSLVSSPLHF,76
TRBV27-TRBJ2.CASSLKASGTFFEQYF,76
TRBV28-TRBJ2.CASSLWVGLPYEQYF,76
TRBV19-TRBJ1.CNWVGADTEAFF,75
TRBV27-TRBJ2.CASSPSGLAGGGRYEQYF,75
TRBV28-TRBJ2.CASNRQGMDYEQYF,75
TRBV6-TRBJ2.CASTRQETYEQYF,75
TRBV7-TRBJ2.CASSFGVAGELFF,74
TRBV6-TRBJ1.CASSYGQGAEAQHF,74
TRBV6-TRBJ2.CASSSSGDTGELFF,73
TRBV11-TRBJ1.CASSQMGGFYGYTF,73
TRBV5-TRBJ2.CASSFGVSALQYF,72
TRBV30-TRBJ1.CAWSGGGTEKLFF,72
TRBV5-TRBJ2.CASSATPNEQFF,71
TRBV6-TRBJ1.CASSRGGAEKLFF,70
TRBV7-TRBJ2.CASSFSGSWAYEQYF,69
TRBV6-TRBJ1.CASSPQWGGDGNTIYF,68
TRBV2-TRBJ2.CASSEGAGGGETQYF,68
TRBV6-TRBJ2.CASSYGQGAYEQYF,68
TRBV20-TRBJ1.CSATDRGPTEAFF,68
TRBV27-TRBJ2.CASSLSQGPREQYF,68
TRBV20-TRBJ2.CSASLARSSYEQYF,67
TRBV5-TRBJ1.CASSLDFRNTIYF,66
TRBV19-TRBJ1.CASSWARDYTF,66
TRBV28-TRBJ2.CASSPRHEQYF,66
TRBV6-TRBJ1.CASSYGTTNEKLFF,66
TRBV6-TRBJ2.CASSDSSTDTQYF,66
TRBV27-TRBJ2.CASSLSAGILETQYF,66
TRBV20-TRBJ1.CSAHKPGSGNTIYF,66
TRBV6-TRBJ2.CASSSAGRNTDTQYF,65
TRBV27-TRBJ2.CASSLYRGGEQYF,65
TRBV6-TRBJ2.CASSTQGHNEQFF,65
TRBV2-TRBJ2.CASSGLSYEQYF,64
TRBV18-TRBJ1.CASSPPLTSGTLSGNTIYF,64
TRBV27-TRBJ2.CASSLRGSSYEQYF,64
TRBV6-TRBJ2.CASSWTSGSTDTQYF,64
TRBV6-TRBJ2.CASSTQGGSTDTQYF,63
TRBV27-TRBJ2.CASSPRGVGTGELFF,63
TRBV6-TRBJ1.CASSWGQNTEAFF,63
TRBV19-TRBJ1.CASSSQTERYTF,62
TRBV30-TRBJ2.CAWSGISTDTQYF,62
TRBV7-TRBJ2.CASSLAGGFEQYF,62
TRBV15-TRBJ2.CATSLAGGSTDTQYF,61
TRBV19-TRBJ1.CASSTAVGYTF,61
TRBV27-TRBJ2.CASSRTGIYEQYF,61
TRBV27-TRBJ2.CASSDSGASTDTQYF,61
TRBV30-TRBJ1.CAWSVGSGSYGYTF,60
TRBV6-TRBJ1.CASTKKEGVGNTIYF,60
TRBV6-TRBJ2.CASEAYSGGKETQYF,60
TRBV25-TRBJ2.CASSEIGGSGQYF,60
TRBV27-TRBJ2.CASSFSSRRTKDTQYF,59
TRBV6-TRBJ1.CASSYRDNSPLHF,59
TRBV27-TRBJ2.CASSTSGTALGEQYF,59
TRBV20-TRBJ2.CSARGLAGLRETQYF,58
TRBV19-TRBJ2.CASSTTGGSEQYF,58
TRBV13-TRBJ2.CASSAGLADSYEQYF,58
TRBV6-TRBJ2.CASSTNSNTGELFF,58
TRBV19-TRBJ1.CASSIVYRNYGYTF,58
TRBV27-TRBJ2.CASSLRGGPYEQYF,58
TRBV28-TRBJ2.CASSLYTGIWYF,58
TRBV12-TRBJ2.CASSSGTVYEQYF,58
TRBV14-TRBJ2.CASSSDRVEQYF,58
TRBV27-TRBJ1.CASSPLTGTGGGIDTEAFF,57
TRBV6-TRBJ2.CASSLQGNEQFF,57
TRBV20-TRBJ2.CSADRETGELFF,57
TRBV27-TRBJ2.CASSLSGKLAGGMNEQYF,56
TRBV28-TRBJ1.CASKGTEHSPLHF,56
TRBV27-TRBJ2.CASSLSGTGLGEQYF,56
TRBV27-TRBJ2.CARLPPGGSYEQYF,55
TRBV6-TRBJ2.CASSYALFFDEQYF,55
TRBV20-TRBJ2.CSARELYQETQYF,54
TRBV28-TRBJ2.CASSSPGLASYEQYF,54
TRBV12-TRBJ2.CASSFTGTEQYF,54
TRBV27-TRBJ2.CASSLSQGHKTYEQYF,54
TRBV28-TRBJ2.CASGRRGYEQYF,53
TRBV27-TRBJ2.CASSLGGSRYEQYF,53
TRBV20-TRBJ2.CSAKAGGVDTGELFF,53
TRBV6-TRBJ1.CASSYSFGGETEAFF,53
TRBV27-TRBJ2.CASSLTGGSPSYEQYF,53
TRBV2-TRBJ1.CASRSQGDYGYTF,53
TRBV6-TRBJ2.CASTTLAFTYNEQFF,52
TRBV6-TRBJ2.CASSQLLYEQYF,52
TRBV6-TRBJ2.CASSYRRGGDEQYF,52
TRBV27-TRBJ1.CASSPTGTGGSPLHF,52
TRBV28-TRBJ2.CASSLPLSYEQYF,51
TRBV19-TRBJ1.CASSNVHAGAYTF,51
TRBV6-TRBJ2.CASSESTYNEQFF,51
TRBV9-TRBJ1.CASSPQGASGNTIYF,51
TRBV6-TRBJ1.CASRDRANYGYTF,51
TRBV11-TRBJ2.CASSLEVTGYEQYF,51
TRBV6-TRBJ2.CASSSGQPDYEQYF,50
TRBV7-TRBJ2.CASSQGRSSYEQYF,50
TRBV27-TRBJ2.CASKRGTTSYEQYF,50
TRBV28-TRBJ2.CASSLQGYEQYF,50
TRBV6-TRBJ2.CASSETSDSPYEQYF,50
TRBV6-TRBJ2.CASSETSAEQYF,49
TRBV27-TRBJ2.CASTSGEAPYEQYF,49
TRBV5-TRBJ2.CASSQHPYLNVEQYF,48
TRBV5-TRBJ1.CASSFGTGYGSPLHF,48
TRBV27-TRBJ2.CASSALADLSLGTQYF,48
TRBV27-TRBJ2.CASSFGSGGAPEQFF,48
TRBV6-TRBJ2.CASSYSRGGYEQYF,48
TRBV27-TRBJ2.CASSTTGHRTYEQYF,48
TRBV6-TRBJ2.CASSSSGRDADTQYF,48
TRBV7-TRBJ2.CASSSPGQDSYEQYF,48
TRBV24-TRBJ2.CAASTLAGESFF,48
TRBV19-TRBJ1.CASSTTGGDGYTF,48
TRBV6-TRBJ2.CASSTGLEGNEQFF,48
TRBV6-TRBJ2.CASSRPFSYEQYF,47
TRBV7-TRBJ2.CASSFETSGGDEQYF,47
TRBV6-TRBJ2.CASKIRASALQEQYF,47
TRBV20-TRBJ2.CSAPRGYFYEQYF,47
TRBV28-TRBJ2.CASRILAGSTYEQYF,47
TRBV29-TRBJ2.CSVEIAGQGRGLESYEQYF,47
TRBV27-TRBJ2.CASSLGSFSYEQYF,47
TRBV19-TRBJ2.CASSIGHHYEQYF,47
TRBV19-TRBJ1.CASSTTGVRSYNSPLHF,47
TRBV7-TRBJ2.CASSEDVGTEQYF,47
TRBV2-TRBJ2.CASSRLAVSGEQYF,47
TRBV2-TRBJ1.CASSEEGGNTIYF,47
TRBV6-TRBJ2.CASSERNTGELFF,47
TRBV11-TRBJ2.CASSLSSGPYEQYF,46
TRBV12-TRBJ2.CASSFGTRLAGVRYEQYF,46
TRBV19-TRBJ1.CASTLGAGGFYGYTF,46
TRBV5-TRBJ2.CASSLDLRGEQYF,46
TRBV18-TRBJ2.CASSLGTSGYNEQFF,45
TRBV19-TRBJ1.CASSEDRHLGYTF,45
TRBV6-TRBJ2.CASSLQGSGRRRTNEQFF,45
TRBV6-TRBJ2.CASSASSTDTQYF,45
TRBV19-TRBJ1.CASSIGTGGVRGYTF,45
TRBV20-TRBJ2.CSAIGRTLTYEQYF,45
TRBV3-TRBJ2.CASSQDGSPKNIQYF,45
TRBV12-TRBJ2.CASSFEGGEQYF,45
TRBV19-TRBJ1.CASSPRDNYGYTF,45
TRBV6-TRBJ2.CASIIGSGSTDTQYF,45
TRBV10-TRBJ2.CAISDMGQQYF,45
TRBV7-TRBJ2.CASSLFASGGMYQETQYF,45
TRBV2-TRBJ1.CASSETLPTSAVGNTIYF,45
TRBV6-TRBJ2.CASSEASGGADTQYF,44
TRBV27-TRBJ2.CASRQRGGSHEQYF,44
TRBV28-TRBJ2.CASRKGGSTSYEQYF,44
TRBV2-TRBJ1.CASSEDGKYNSPLHF,44
TRBV12-TRBJ2.CASSSHSNPGYEQYF,44
TRBV7-TRBJ2.CASSSRASYEQYF,44
TRBV19-TRBJ1.CASSKRDRDLQPQHF,44
TRBV6-TRBJ2.CASSDRTDSYEQYF,44
TRBV9-TRBJ2.CASSVGLANTQYF,44
TRBV27-TRBJ2.CASSPRRETYEQYF,44
TRBV28-TRBJ2.CASSFGGINYEQYF,44
TRBV7-TRBJ2.CASSLSLSSYEQYF,43
TRBV28-TRBJ2.CASSLSPYSEQYF,43
TRBV27-TRBJ1.CASSYLPPRAANYGYTF,43
TRBV5-TRBJ2.CASSLTTDTQYF,43
TRBV6-TRBJ2.CASSDADTDTQYF,43
TRBV6-TRBJ1.CASSRLGGPNQPQHF,43
TRBV6-TRBJ2.CASSESGGSQYF,43
TRBV6-TRBJ2.CASSDRSTETQYF,43
TRBV4-TRBJ2.CASSQVDMGFVREQYF,43
TRBV7-TRBJ2.CASSLGGSRVGEQYF,42
TRBV6-TRBJ2.CASSTDRARNEQYF,42
TRBV6-TRBJ1.CASRGNSGNTIYF,42
TRBV28-TRBJ2.CASSPGTGANEQYF,42
TRBV12-TRBJ2.CASSLRADTQYF,42
TRBV27-TRBJ1.CASTDPGQGYSPLHF,42
TRBV19-TRBJ2.CASSSSIAVEQYF,42
TRBV28-TRBJ2.CASSLPGGRSYEQYF,42
TRBV20-TRBJ2.CSARWETQYF,42
TRBV7-TRBJ2.CASSLTSTVSYEQYF,42
TRBV27-TRBJ2.CASSLGRGLAYEQYF,42
TRBV28-TRBJ2.CASSRAGHSYEQYF,41
TRBV30-TRBJ2.CAWGRQGPYEQYF,41
TRBV20-TRBJ2.CSARGEAPQETQYF,41
TRBV19-TRBJ2.CASSPLLGGDEQYF,41
TRBV7-TRBJ2.CASSLYSGSYEQYF,41
TRBV27-TRBJ2.CASRLTGAAYEQYF,41
TRBV19-TRBJ2.CASSTQGARNEQFF,41
TRBV6-TRBJ1.CASTPRDVGTEAFF,41
TRBV20-TRBJ2.CSARAPGTSGNYNEQFF,41
TRBV12-TRBJ2.CASSPTGTPYEQYF,41
TRBV20-TRBJ1.CSLWRGGNTEAFF,41
TRBV6-TRBJ2.CASSYTGAPYEQYF,41
TRBV27-TRBJ2.CASLRQGGSYEQYF,41
TRBV6-TRBJ2.CASSYGASSTDTQYF,41
TRBV12-TRBJ2.CASSLGPTYEQYF,41
TRBV6-TRBJ2.CASGSSSRTYEQYF,40
TRBV3-TRBJ2.CASSQTLADPEQFF,40
TRBV24-TRBJ1.CATSDLGTPYGYTF,40
TRBV24-TRBJ1.CATSDSKGTGGSWGNQPQHF,40
TRBV6-TRBJ2.CASLTWAGGEETQYF,40
TRBV28-TRBJ2.CASSLVASRKYEQYF,40
TRBV3-TRBJ1.CASSDRDRGYGYTF,40
TRBV6-TRBJ2.CASSVGTPSSYEQYF,40
TRBV27-TRBJ2.CASSLPSGGFDEQFF,40
TRBV6-TRBJ2.CASHHGGGSTDTQYF,40
TRBV7-TRBJ2.CASSPRAPGGAYNEQFF,40
TRBV6-TRBJ2.CASSGTGRSYEQYF,40
TRBV6-TRBJ2.CASSYSEISGSTGELFF,40
TRBV29-TRBJ2.CSARTGRAGELFF,40
TRBV6-TRBJ1.CASSWDRSGNTIYF,40
TRBV6-TRBJ1.CASSYGFPAGSAFF,40
TRBV6-TRBJ2.CASRSTSGRSYEQYF,39
TRBV20-TRBJ2.CSARRGFQETQYF,39
TRBV11-TRBJ2.CASRRPGQIYEQYF,39
TRBV19-TRBJ1.CASSISGGAQHGYTF,39
TRBV5-TRBJ1.CASSSQGINYGYTF,39
TRBV6-TRBJ1.CASSEEAGMAEKLFF,39
TRBV7-TRBJ2.CASSPNGGAIYEQYF,39
TRBV2-TRBJ1.CASSGGQGSNQPQHF,39
TRBV6-TRBJ2.CASSEQRFGEQFF,39
TRBV28-TRBJ2.CASSGGTAYEQYF,39
TRBV20-TRBJ2.CSARWTSGMLETQYF,39
TRBV27-TRBJ2.CASSLTNRPGPRYEQYF,39
TRBV28-TRBJ2.CASSTFGQGAPEQYF,38
TRBV6-TRBJ2.CASSYSSSLEQYF,38
TRBV6-TRBJ2.CASKGGGLNIQYF,38
TRBV6-TRBJ1.CASSDGQGFLSPLHF,38
TRBV10-TRBJ2.CATREVGTSGNEQYF,38
TRBV12-TRBJ2.CASSLIGTRQYF,38
TRBV12-TRBJ1.CASSLRRTEAFF,38
TRBV7-TRBJ2.CASSLDGTASYEQYF,38
TRBV28-TRBJ2.CASSLGGYYEQYF,38
TRBV6-TRBJ2.CASSYSFGGNYEQYF,38
TRBV7-TRBJ2.CASSPQPGTAYEQYF,38
TRBV12-TRBJ1.CASSPRGRAGYGYTF,38
TRBV20-TRBJ1.CSASETGGGSPLHF,38
TRBV6-TRBJ1.CASSSRGMNTEAFF,38
TRBV6-TRBJ2.CASSYGSGRATDTQYF,38
TRBV6-TRBJ2.CASSSFRDRVTYEQYF,38
TRBV27-TRBJ1.CASSGRRNTEAFF,38
TRBV5-TRBJ2.CASSPGQNTDTQYF,38
TRBV15-TRBJ2.CATSSEETQYF,38
TRBV6-TRBJ2.CASSEVPSTGSEQFF,37
TRBV20-TRBJ2.CSASPLSGWDYEQYF,37
TRBV24-TRBJ2.CATSDSLAGIYEQYF,37
TRBV10-TRBJ2.CAISPRALSYEQYF,37
TRBV28-TRBJ2.CASSPRGSGNYEQYF,37
TRBV6-TRBJ1.CASSRDRGGGYTF,37
TRBV6-TRBJ1.CASSELGLGVPEAFF,37
TRBV7-TRBJ1.CASSLATGNYGYTF,37
TRBV28-TRBJ1.CASSFKIAYQPQHF,37
TRBV19-TRBJ1.CASTKPRQGWYGYTF,37
TRBV28-TRBJ1.CASTGYNQPQHF,37
TRBV6-TRBJ1.CASSYWRGLGNTIYF,37
TRBV28-TRBJ2.CASSLTYEQYF,37
TRBV9-TRBJ2.CASSVAAGRYEQYF,37
TRBV15-TRBJ1.CATKNRESGNTIYF,37
TRBV20-TRBJ2.CSAHFMYQETQYF,37
TRBV6-TRBJ2.CASSYGDTQYF,37
TRBV6-TRBJ1.CASSGNRERQPQHF,37
TRBV6-TRBJ2.CASRKRTGDYEQYF,37
TRBV6-TRBJ2.CASRGDRRITQYF,37
TRBV7-TRBJ2.CASSSGGAGYNEQFF,36
TRBV28-TRBJ2.CASGTGGYEQYF,36
TRBV5-TRBJ2.CASSEGDRPYEQYF,36
TRBV7-TRBJ2.CASSLDYYEQYF,36
TRBV19-TRBJ1.CASRGSLYGYTF,36
TRBV5-TRBJ1.CASSSGTGDYGYTF,36
TRBV6-TRBJ2.CASERGEQYF,36
TRBV6-TRBJ2.CASGRLGSEQYF,36
TRBV19-TRBJ2.CASSIDHRDTYEQYF,36
TRBV6-TRBJ2.CASSYGSGAYEQYF,36
TRBV6-TRBJ2.CASSAIGNEQYF,36
TRBV28-TRBJ2.CASSFSSGRGYEQYF,36
TRBV2-TRBJ1.CASSGNRGSRGDHTEAFF,36
TRBV7-TRBJ1.CASSLGGPEAFF,36
TRBV6-TRBJ1.CASTGTGDVQPQHF,35
TRBV28-TRBJ2.CASSPDRGRNNEQFF,35
TRBV28-TRBJ2.CASSLWPGQGSEQYF,35
TRBV27-TRBJ2.CASSAGYGSYEQYF,35
TRBV19-TRBJ1.CATHNRGRLGQPQHF,35
TRBV28-TRBJ1.CASSLSGQGLVNTEAFF,35
TRBV20-TRBJ2.CSAYTGLNSYEQYF,35
TRBV27-TRBJ2.CASSFSGSAVEQYF,35
TRBV27-TRBJ2.CASSLGGLDYEQYF,35
TRBV28-TRBJ2.CASSSPHRAFSYEQYF,35
TRBV6-TRBJ2.CASGLGILAEQYF,35
TRBV28-TRBJ2.CASSKLSGQYYEQYF,35
TRBV7-TRBJ2.CASSDRTGLVNEQYF,35
TRBV2-TRBJ2.CASSEGQGESEQYF,35
TRBV6-TRBJ2.CASSDGLAGSYEQYF,35
TRBV10-TRBJ2.CAIKESAGNTYEQYF,35
TRBV6-TRBJ2.CASSYLGLGEQFF,35
TRBV6-TRBJ1.CASSPRGGSYNSPLHF,35
TRBV4-TRBJ1.CASSQPRDRGSSQHF,35
TRBV6-TRBJ2.CASSSGGTYSYEQYF,35
TRBV30-TRBJ2.CAGGRGTDYEQYF,35
TRBV6-TRBJ2.CASRYSYEQYF,34
TRBV28-TRBJ2.CASSPGAVAYEQYF,34
TRBV6-TRBJ1.CASSYSTGTGAGNTIYF,34
TRBV12-TRBJ1.CASSLGFGYTF,34
TRBV6-TRBJ2.CASSEGTSGGNEQFF,34
TRBV27-TRBJ2.CASSISGEILYEQYF,34
TRBV19-TRBJ1.CASSTTGGRSNQPQHF,34
TRBV30-TRBJ1.CAWSAGTVGNYGYTF,34
TRBV2-TRBJ2.CASSGTPGQAAYEQYF,34
TRBV7-TRBJ2.CASSLAVPYEQYF,34
TRBV28-TRBJ2.CASSFDRGPYEQYF,34
TRBV6-TRBJ2.CASRMWVTERYEQYF,34
TRBV6-TRBJ2.CASSIGTASYEQYF,34
TRBV27-TRBJ2.CASSLEVGHPYEQYF,34
TRBV6-TRBJ1.CASSPQGNQPQHF,34
TRBV28-TRBJ2.CASSSLWGKTVYEQYF,34
TRBV20-TRBJ1.CSAKPGTNSGNTIYF,34
TRBV2-TRBJ2.CASNEGLYEQYF,33
TRBV6-TRBJ2.CASSELAGSSYEQYF,33
TRBV6-TRBJ2.CASSSWTGFYEQYF,33
TRBV15-TRBJ1.CATSREPGANQPQHF,33
TRBV2-TRBJ2.CASSEGTGTEQYF,33
TRBV28-TRBJ1.CASSLPPGNTIYF,33
TRBV10-TRBJ2.CASSQGEAGELFF,33
TRBV20-TRBJ2.CSARLAGGQETQYF,33
TRBV19-TRBJ1.CASSEGPLATYGYTF,33
TRBV5-TRBJ2.CASSPTSGPYYEQYF,33
TRBV18-TRBJ2.CASSPYEQYF,33
TRBV12-TRBJ2.CASSLNDNSYEQYF,33
TRBV2-TRBJ2.CASSLRTSSYEQYF,33
TRBV27-TRBJ1.CASSIRGTGGNINYGYTF,32
TRBV7-TRBJ2.CASRTLASSYEQYF,32
TRBV6-TRBJ2.CASSEGAKTGPF,32
TRBV11-TRBJ1.CASRTLTGTGEPYGYTF,32
TRBV19-TRBJ2.CASSIAVTSYEQYF,32
TRBV19-TRBJ1.CASNGLLGSDYGYTF,32
TRBV6-TRBJ2.CASSFTDTQYF,32
TRBV27-TRBJ1.CASSLGQGGSPLHF,32
TRBV6-TRBJ1.CASSDGQEEQPQHF,32
TRBV6-TRBJ1.CASSEAHGFSGNTIYF,32
TRBV7-TRBJ2.CASSLGANYEQYF,32
TRBV6-TRBJ2.CASSRTFYSYEQYF,32
TRBV6-TRBJ2.CASSQGGPYEQYF,32
TRBV7-TRBJ2.CASSPPIYAGTYEQYF,32
TRBV20-TRBJ2.CSAQPGQGVDTQYF,32
TRBV12-TRBJ2.CASSLASGRSYEQYF,32
TRBV5-TRBJ2.CASSLFGLAAYEQYF,32
TRBV19-TRBJ1.CASSIKVGNYGYTF,32
TRBV2-TRBJ1.CASIGQTTYGYTF,32
TRBV6-TRBJ2.CASSSYVFPYEQYF,32
TRBV28-TRBJ1.CASSLGRGRGLYGYTF,32
TRBV10-TRBJ1.CAIRQGNYGYTF,32
TRBV11-TRBJ2.CASSLGLSTDTQYF,32
TRBV2-TRBJ1.CASSQRGTNTEAFF,31
TRBV7-TRBJ2.CASSTSYNYEQYF,31
TRBV28-TRBJ1.CASSLSAGYAGNTIYF,31
TRBV6-TRBJ2.CASSVNSNTGELFF,31
TRBV6-TRBJ2.CASSGSGYGANVLTF,31
TRBV7-TRBJ2.CASSLNGVEQYF,31
TRBV20-TRBJ2.CSARVGGGFGGELFF,31
TRBV12-TRBJ1.CASSLRGLGYTF,31
TRBV6-TRBJ2.CASRSFSGNMYEQYF,31
TRBV6-TRBJ2.CASSVAAGSSYEQYF,31
TRBV19-TRBJ1.CASSKSGQGLTYGYTF,31
TRBV28-TRBJ1.CASSRTGRTQHF,31
TRBV2-TRBJ1.CAITTRDRDSPLHF,31
TRBV6-TRBJ2.CASSANWDREQYF,31
TRBV7-TRBJ2.CASSLAGAIGHEQFF,31
TRBV7-TRBJ2.CASSLRLVGADTQYF,31
TRBV20-TRBJ2.CSASGRNTGELFF,31
TRBV12-TRBJ2.CASSRPGSWTTGELFF,31
TRBV20-TRBJ1.CSARGGGTGHSPLHF,31
TRBV27-TRBJ1.CASRSGQGSFQPQHF,31
TRBV12-TRBJ2.CASSLVSGGARVDTQYF,31
TRBV19-TRBJ1.CASTAGTGRGNYGYTF,31
TRBV20-TRBJ2.CSAPGQGDLHEQYF,31
TRBV6-TRBJ2.CASNKRDSTDTQYF,30
TRBV6-TRBJ2.CASSYSRAGVAEQYF,30
TRBV28-TRBJ2.CASSGTTLAEAYEQYF,30
TRBV28-TRBJ2.CAISQRLSVYF,30
TRBV24-TRBJ2.CATRADRGPKNEQFF,30
TRBV6-TRBJ2.CASSYSTSTDTQYF,30
TRBV19-TRBJ1.CASSPGGATNYGYTF,30
TRBV28-TRBJ1.CASSTLTGTYGYTF,30
TRBV29-TRBJ1.CSVEWNRGNTEAFF,30
TRBV6-TRBJ2.CASSSPRTGSYEQYF,30
TRBV6-TRBJ2.CASRDRGGPLYYEQYF,30
TRBV28-TRBJ1.CASRGGFRGNSPLHF,30
TRBV28-TRBJ2.CASSSHQREGPEQYF,30
TRBV6-TRBJ2.CASRKGGSTYEQYF,30
TRBV2-TRBJ2.CASSKTTLPGLARNTGELFF,30
TRBV6-TRBJ2.CASSSAAGAEQYF,30
TRBV6-TRBJ2.CASSYSPEGAYEQYF,30
TRBV4-TRBJ2.CASSQEGWEEQFF,30
TRBV12-TRBJ2.CASSLRGISYEQYF,30
TRBV6-TRBJ1.CASSYSPGNQPQHF,30
TRBV28-TRBJ1.CASKGSSYNSPLHF,30
TRBV20-TRBJ2.CSARGGGGATYEQYF,29
TRBV12-TRBJ2.CASSLDRRYEQYF,29
TRBV7-TRBJ2.CASSQDRSAPYEQYF,29
TRBV6-TRBJ2.CASSYSFGTEYEQYF,29
TRBV6-TRBJ2.CASSDSNTGELFF,29
TRBV4-TRBJ2.CASSHTGGDDSYEQYF,29
TRBV20-TRBJ2.CSAPGAGGPYETQYF,29
TRBV2-TRBJ2.CASSTTGVYEQYF,29
TRBV6-TRBJ2.CASSYGTSAYEQYF,29
TRBV6-TRBJ1.CASSTGTEFYGYTF,29
TRBV9-TRBJ2.CASSPTGGRSEQYF,29
TRBV6-TRBJ2.CASSTTGTTNEQFF,29
TRBV6-TRBJ1.CASSYLDSYSNQPQHF,29
TRBV2-TRBJ2.CASRGDIGEQYF,29
TRBV28-TRBJ2.CASSLGGTRVGEQYF,29
TRBV6-TRBJ1.CASSGAGTGVNTIYF,29
TRBV6-TRBJ2.CASRSPGTEQYF,29
TRBV20-TRBJ2.CSATPGGVYNEQFF,29
TRBV2-TRBJ2.CASRPSFSGGGNEQFF,29
TRBV7-TRBJ2.CASSLEWTVPRELYF,29
TRBV6-TRBJ2.CASSYSLAGVQEQYF,29
TRBV6-TRBJ2.CASSYRLAGYEQYF,29
TRBV19-TRBJ2.CASSIGVGYEQYF,29
TRBV7-TRBJ2.CASSLGFRREQYF,29
TRBV7-TRBJ2.CASSSDFKEQYF,29
TRBV27-TRBJ2.CASSKPGTEVDYEQYF,28
TRBV7-TRBJ1.CASSLDGRANYGYTF,28
TRBV28-TRBJ2.CASSPLNEQFF,28
TRBV7-TRBJ2.CASSAASSYEQYF,28
TRBV28-TRBJ2.CASSGGTGIYEQYF,28
TRBV20-TRBJ1.CSAKKGVNYGYTF,28
TRBV10-TRBJ2.CASSSTGTGYEQYF,28
TRBV6-TRBJ2.CASSSHRTGGFNEQYF,28
TRBV7-TRBJ2.CASSPGAGELFF,28
TRBV19-TRBJ2.CASSTSIFYEQYF,28
TRBV6-TRBJ2.CASSDGTTGSYEQYF,28
TRBV19-TRBJ2.CASSISNRGSYEQYF,28
TRBV18-TRBJ1.CASSPPKGNTIYF,28
TRBV2-TRBJ2.CASRTGGNTYEQYF,28
TRBV4-TRBJ1.CASSQDTGSYGSQGGGYTF,28
TRBV19-TRBJ2.CASSIGQGALYF,28
TRBV20-TRBJ2.CSATIADYEQYF,28
TRBV6-TRBJ2.CASSQQGTGTGELFF,28
TRBV6-TRBJ1.CASSYSGGNTEAFF,28
TRBV5-TRBJ2.CASSSPPLYEQYF,28
TRBV6-TRBJ2.CASSRTGNNEQYF,28
TRBV12-TRBJ1.CASSPGTTYNSPLHF,28
TRBV18-TRBJ2.CASSSGSYEQYF,28
TRBV28-TRBJ1.CASSLGGQPQHF,28
TRBV6-TRBJ2.CASSQVWAGEQYF,28
TRBV19-TRBJ2.CASSLGQGYAYEQYF,28
TRBV6-TRBJ1.CASSYRGPGNTIYF,28
TRBV6-TRBJ2.CASSDSTGGGPVEQFF,28
TRBV30-TRBJ1.CAWSTGHNSPLHF,28
TRBV20-TRBJ1.CSARVQGGGEKLFF,28
TRBV20-TRBJ1.CSAMGQEWGSNVSGNTIYF,28
TRBV5-TRBJ2.CASSKLAAETQYF,28
TRBV2-TRBJ2.CASSDQGASYEQYF,28
TRBV28-TRBJ1.CASILTGGYGYTF,28
TRBV28-TRBJ2.CASTKQGSRQFF,28
TRBV2-TRBJ2.CASSSGEDEQFF,28
TRBV6-TRBJ2.CASSSSTGSSYEQYF,28
TRBV6-TRBJ1.CASIQDRARNSPLHF,28
TRBV27-TRBJ2.CASKTDSGRAGNEQFF,28
TRBV6-TRBJ2.CASSELAGSYNEQFF,27
TRBV28-TRBJ1.CASSSPTTGLENTIYF,27
TRBV2-TRBJ2.CASSPDREEQYF,27
TRBV6-TRBJ2.CASKRQQGGEYEQYF,27
TRBV6-TRBJ2.CASSYAQREGRSEQYF,27
TRBV7-TRBJ2.CASSLSGASGGPSKEQYF,27
TRBV27-TRBJ1.CASSLSRRSGNTIYF,27
TRBV7-TRBJ2.CASSFPSGYYEQYF,27
TRBV6-TRBJ2.CASKPRRGSYEQYF,27
TRBV3-TRBJ1.CASSLSYYGYTF,27
TRBV7-TRBJ1.CASSHRGQGDGYTF,27
TRBV2-TRBJ2.CASSDFGVFYEQYF,27
TRBV7-TRBJ1.CASSLGPQGGNTIYF,27
TRBV28-TRBJ1.CASSLFSLGARAFF,27
TRBV6-TRBJ2.CASRRGPFYEQYF,27
TRBV28-TRBJ2.CASSYWVGDYEQYF,27
TRBV6-TRBJ1.CASSEALRVESPLHF,27
TRBV10-TRBJ2.CAISGRGTASYEQYF,27
TRBV19-TRBJ2.CASSIVGRSNTGELFF,27
TRBV27-TRBJ2.CASSYGVGPYEQYF,27
TRBV2-TRBJ2.CASSATGQGDEQYF,27
TRBV12-TRBJ1.CASSTGGRGNTIYF,27
TRBV2-TRBJ2.CASKDLGYEQYF,27
TRBV3-TRBJ2.CASSQANYEQYF,27
TRBV20-TRBJ1.CSARDSFNYGYTF,27
TRBV6-TRBJ1.CASSYTDYTGYTF,27
TRBV15-TRBJ2.CATSGQLAGDEQYF,27
TRBV12-TRBJ2.CASSLEQIAYEQYF,27
TRBV7-TRBJ2.CASSFWGPYEQYF,27
TRBV28-TRBJ1.CASRDWTGLSGNTIYF,27
TRBV28-TRBJ2.CATEAGFQDEQYF,27
TRBV19-TRBJ2.CASSIGDNYEQYF,27
TRBV6-TRBJ2.CASSQEGQSFHEQYF,26
TRBV12-TRBJ2.CASSLGVGTYEQYF,26
TRBV6-TRBJ2.CASSGRSYEQYF,26
TRBV6-TRBJ1.CASSESGRTNTEAFF,26
TRBV2-TRBJ2.CASSRNTGQVSYEQYF,26
TRBV28-TRBJ1.CASSLNIGQRNTEAFF,26
TRBV6-TRBJ2.CASRESNYEQYF,26
TRBV12-TRBJ1.CASSSWTSNTEAFF,26
TRBV4-TRBJ1.CASSQGVNSPLHF,26
TRBV6-TRBJ2.CASSRGGLYEQYF,26
TRBV6-TRBJ2.CASRPRDRSYEQYF,26
TRBV10-TRBJ1.CASRQNTEAFF,26
TRBV18-TRBJ2.CASSPAQGGVRELFF,26
TRBV19-TRBJ1.CASKVTGGNSPLHF,26
TRBV6-TRBJ2.CASSYRGSSYEQYF,26
TRBV7-TRBJ2.CASSFGGGIEQYF,26
TRBV6-TRBJ1.CASTGRGRDSPLHF,26
TRBV19-TRBJ1.CASSPNRGGNTIYF,26
TRBV9-TRBJ2.CASSLIQGTGELFF,26
TRBV6-TRBJ2.CASRFQGAGEQYF,26
TRBV15-TRBJ2.CATSRERADTQYF,26
TRBV6-TRBJ1.CASSPTYPVRGAPPQHF,26
TRBV7-TRBJ2.CASSSNPGRETQYF,26
TRBV28-TRBJ1.CASRKTGSSNQPQHF,26
TRBV6-TRBJ2.CASRDRDRGSDTQYF,26
TRBV28-TRBJ2.CASSSPGTPSYEQYF,26
TRBV6-TRBJ2.CASSRTSGAYEQYF,26
TRBV6-TRBJ2.CASNKVGYEQYF,26
TRBV28-TRBJ1.CASSSGQRGYTF,26
TRBV6-TRBJ2.CANRRSYEQYF,26
TRBV19-TRBJ1.CASSKDRDTEAFF,26
TRBV6-TRBJ1.CASSEAAGGDFSPLHF,26
TRBV6-TRBJ2.CASSYSDTGELFF,26
TRBV6-TRBJ2.CASSKEGMDYEQYF,26
TRBV28-TRBJ2.CASSLNRDASYEQYF,25
TRBV19-TRBJ1.CAYTEAFF,25
TRBV19-TRBJ2.CASSTSDRFYEQYF,25
TRBV5-TRBJ2.CASSPHLQMGHTGELFF,25
TRBV6-TRBJ2.CASSPRQSYEQYF,25
TRBV19-TRBJ1.CASSIDQGRPQHF,25
TRBV19-TRBJ1.CASSPQRGGGNSPLHF,25
TRBV10-TRBJ1.CASSGRQVSCEAFF,25
TRBV27-TRBJ2.CASSLAYTGELFF,25
TRBV20-TRBJ1.CSAKGQVRGYGYTF,25
TRBV19-TRBJ2.CASRGGTGVNTGELFF,25
TRBV2-TRBJ1.CASSPQSYGYTF,25
TRBV27-TRBJ2.CASSLLAGRGVSYNEQFF,25
TRBV19-TRBJ1.CASSMAGSGNTIYF,25
TRBV19-TRBJ2.CASSILGQAGDEQYF,25
TRBV20-TRBJ1.CSASLNYGYTF,25
TRBV6-TRBJ2.CASRGTEWAQYF,25
TRBV28-TRBJ2.CASSLSRRGLSSGRTDTQYF,25
TRBV7-TRBJ2.CASSRGRRYEQYF,25
TRBV6-TRBJ2.CASSYHFYNEQFF,25
TRBV20-TRBJ2.CSAHREPGETQYF,25
TRBV27-TRBJ1.CASSPPGVGTEAFF,25
TRBV19-TRBJ1.CASRGDATNEKLFF,25
TRBV7-TRBJ2.CASSSGRGDYEQYF,25
TRBV28-TRBJ1.CASSPLGRAGNTIYF,25
TRBV28-TRBJ2.CASSRTGSSREQYF,25
TRBV2-TRBJ2.CASSEFVPGYEQYF,25
TRBV15-TRBJ2.CATSRDQAAGQYF,25
TRBV12-TRBJ2.CASSTGVAKNIQYF,24
TRBV7-TRBJ2.CASSRGTGQTYEQYF,24
TRBV12-TRBJ2.CASSSSLHSYEQYF,24
TRBV6-TRBJ2.CASRRGLGNYNEQFF,24
TRBV7-TRBJ2.CASSLTSGHSYEQYF,24
TRBV7-TRBJ1.CASSLWPDQPQHF,24
TRBV7-TRBJ2.CASSLGEGLSYEQYF,24
TRBV27-TRBJ1.CASSSRPTGWNSPLHF,24
TRBV19-TRBJ1.CASSIEGRLAMAYTF,24
TRBV7-TRBJ2.CASSSLAGSSYEQYF,24
TRBV12-TRBJ2.CASSLRQNYEQYF,24
TRBV4-TRBJ1.CASSQDGRNYNSPLHF,24
TRBV7-TRBJ2.CASSLEVGALSYEQYF,24
TRBV24-TRBJ2.CATNRVYEQYF,24
TRBV6-TRBJ2.CASSSKTSATDTQYF,24
TRBV2-TRBJ2.CASSRQGAGYEQYF,24
TRBV28-TRBJ1.CASSSPGQGTGYTF,24
TRBV7-TRBJ2.CASSVSGGAAYEQYF,24
TRBV10-TRBJ1.CAISAELGGYTF,24
TRBV27-TRBJ2.CASRSWTGVPYEQYF,24
TRBV5-TRBJ2.CASSLGSSGSETQYF,24
TRBV4-TRBJ1.CASSQVHTLGMNTEAFF,24
TRBV2-TRBJ1.CASSDRGYGYTF,24
TRBV6-TRBJ1.CASSEGYGLNSPLHF,24
TRBV28-TRBJ1.CASSSLDRGGLGYTF,24
TRBV6-TRBJ2.CASSEGTDTGELFF,24
TRBV20-TRBJ2.CSGTDSYEQYF,24
TRBV6-TRBJ1.CASSYSTPTPNSPLHF,24
TRBV3-TRBJ1.CASSQGTASYGYTF,24
TRBV19-TRBJ2.CASKYMAGGQETQYF,24
TRBV24-TRBJ2.CATSDFHRGDYEQYF,24
TRBV3-TRBJ2.CASSPGLLTGELFF,24
TRBV5-TRBJ2.CASSEAGGAVYEQYF,24
TRBV28-TRBJ2.CASSRRQYEQYF,24
TRBV19-TRBJ2.CASSMTRGEQYF,24
TRBV15-TRBJ1.CATSREGTSGNTIYF,24
TRBV28-TRBJ2.CASSLPPTSGSPDTQYF,24
TRBV6-TRBJ1.CASSIQGNQPQHF,24
TRBV6-TRBJ1.CASSGGQGVNSPLHF,24
TRBV12-TRBJ1.CASSLDRATGNTIYF,24
TRBV28-TRBJ1.CASGRYSGNTIYF,24
TRBV7-TRBJ2.CASRGVGGSYEQYF,24
TRBV10-TRBJ2.CASSKGGDTQYF,24
TRBV6-TRBJ2.CASSGRHPGEQYF,24
TRBV6-TRBJ1.CASSEALLGQDGYTF,24
TRBV28-TRBJ1.CASSPRPITGNTIYF,24
TRBV10-TRBJ2.CAIAPSETYEQYF,24
TRBV27-TRBJ1.CASSNSQGNTEAFF,24
TRBV9-TRBJ1.CASSVGGNTIYF,24
TRBV6-TRBJ2.CASTKGEGARYEQYF,24
TRBV6-TRBJ2.CASSDQPGLKQYF,23
TRBV19-TRBJ1.CASSASGQIANYGYTF,23
TRBV27-TRBJ2.CASSLAGLVYEQYF,23
TRBV3-TRBJ1.CASSPRQGSYGYTF,23
TRBV7-TRBJ2.CASSLRETGELFF,23
TRBV6-TRBJ1.CASETGPNYPQHF,23
TRBV6-TRBJ2.CASSPTDEAVGQYF,23
TRBV7-TRBJ2.CASSLDGSGELFF,23
TRBV7-TRBJ2.CASSLNRPYEQYF,23
TRBV6-TRBJ2.CASSGAGETDTQYF,23
TRBV6-TRBJ1.CASKAANYGYTF,23
TRBV12-TRBJ1.CASSLKGGITEAFF,23
TRBV14-TRBJ2.CASSPSTWGPTGEQYF,23
TRBV18-TRBJ1.CASSPLREAWDGYTF,23
TRBV28-TRBJ1.CASTRPGQASGNTIYF,23
TRBV30-TRBJ1.CAWSVWNSPLHF,23
TRBV20-TRBJ2.CSAPGQGYYEQYF,23
TRBV5-TRBJ1.CASSLEGEPYGYTF,23
TRBV5-TRBJ2.CASSLGGTNEQYF,23
TRBV28-TRBJ2.CASSLPGQGSIYEQYF,23
TRBV12-TRBJ2.CASSSSQGRHEQFF,23
TRBV27-TRBJ1.CASSSIHQGSYGYTF,23
TRBV9-TRBJ2.CASSPRQVVGELFF,23
TRBV6-TRBJ2.CASSLYPGQGPTPTYEQYF,23
TRBV12-TRBJ1.CASSPYTGQGVSVGYTF,23
TRBV5-TRBJ2.CASSLGTDMGTQYF,23
TRBV29-TRBJ1.CSVEPRSGFYTF,23
TRBV30-TRBJ2.CAWSVTPNEQFF,23
TRBV6-TRBJ2.CASKETSGSSYEQYF,23
TRBV28-TRBJ2.CASRRPTGEQYF,23
TRBV28-TRBJ2.CASTWSRTGASREQYF,23
TRBV6-TRBJ1.CASSLHRASGNTIYF,23
TRBV27-TRBJ2.CASSSDSTGLGRYEQYF,23
TRBV27-TRBJ2.CASSFTGTLLDTQYF,23
TRBV27-TRBJ2.CASSLMGPDTQYF,23
TRBV20-TRBJ2.CSARVYGLETQYF,23
TRBV27-TRBJ2.CASIVGGAETQYF,23
TRBV24-TRBJ2.CATSDHSPSGGKTQYF,23
TRBV15-TRBJ2.CATSRERTGGTGTSGTNTGELFF,23
TRBV6-TRBJ2.CASSTLSDTQYF,23
TRBV6-TRBJ1.CASSYGGIYNSPLHF,23
TRBV6-TRBJ1.CASSRADGYTF,23
TRBV6-TRBJ2.CASSYSASGRKQYF,23
TRBV19-TRBJ2.CASSINLSYEQYF,23
TRBV6-TRBJ2.CASTKLAGGYNEQFF,23
TRBV6-TRBJ2.CASSYGGPYEQYF,23
TRBV7-TRBJ2.CASSPSRHEQYF,23
TRBV6-TRBJ2.CASNSAGTRAYEQYF,23
TRBV7-TRBJ2.CASRPRQTSSYEQYF,23
TRBV27-TRBJ2.CASSLVPGLSYEQYF,23
TRBV27-TRBJ1.CASSASGGGGYGYTF,23
TRBV2-TRBJ1.CASSQQGFNGYTF,23
TRBV27-TRBJ2.CASSSGATRNEQFF,23
TRBV20-TRBJ2.CPRGGEQYF,23
TRBV6-TRBJ2.CASSWYRGFTGYEQYF,23
TRBV12-TRBJ2.CASSLAPIYEQYF,23
TRBV30-TRBJ1.CAWGWERVSYTF,23
TRBV20-TRBJ2.CSASAGGFTEQFF,23
TRBV6-TRBJ2.CASSTRDRGRTDTQYF,22
TRBV27-TRBJ1.CASSPHRGDTEAFF,22
TRBV6-TRBJ1.CASSELTGAYGYTF,22
TRBV12-TRBJ1.CASNHGGGNSPLHF,22
TRBV28-TRBJ1.CASSRTGLNTEAFF,22
TRBV27-TRBJ1.CASSLSGQGVYGYTF,22
TRBV28-TRBJ1.CASGTWIYGYTF,22
TRBV2-TRBJ1.CASSQRTYSSPLHF,22
TRBV7-TRBJ2.CASSLEAYEQYF,22
TRBV10-TRBJ1.CAISEGEHYNSPLHF,22
TRBV28-TRBJ2.CASSRQGESYEQYF,22
TRBV20-TRBJ1.CSATGQGGPQHF,22
TRBV6-TRBJ1.CASIGRVDYNSPLHF,22
TRBV11-TRBJ2.CASSPRGRNGELFF,22
TRBV3-TRBJ1.CASSQGRTAGYTF,22
TRBV6-TRBJ1.CASSYLAGNGYTF,22
TRBV6-TRBJ2.CASSLAGSYEQYF,22
TRBV2-TRBJ2.CASSPGTSIHEQYF,22
TRBV20-TRBJ2.CSATSNRGTGELFF,22
TRBV19-TRBJ2.CASSIAGESYEQYF,22
TRBV19-TRBJ2.CASSIKSSYEQYF,22
TRBV2-TRBJ1.CASSETGYYNSPLHF,22
TRBV6-TRBJ2.CASSYTSPTSGGTLDTQYF,22
TRBV6-TRBJ2.CASRGFSYNEQFF,22
TRBV5-TRBJ2.CASSSRGGSYEQYF,22
TRBV7-TRBJ2.CASSVSRDPTYEQYF,22
TRBV6-TRBJ2.CASSPYRDGTYEQYF,22
TRBV6-TRBJ2.CASSQQGAGSYEQYF,22
TRBV28-TRBJ2.CASSPSGGDTQYF,22
TRBV6-TRBJ1.CASSRQGASSGNTIYF,22
TRBV28-TRBJ1.CASSSEHSANYGYTF,22
TRBV7-TRBJ2.CASIPPYREGGYEQYF,22
TRBV9-TRBJ2.CASSSSGTGVNIQYF,22
TRBV2-TRBJ2.CATRPWGGFGLAGGEQYF,22
TRBV4-TRBJ2.CASSQGTGTGGDEQYF,22
TRBV6-TRBJ2.CASSYPAAITDTQYF,22
TRBV7-TRBJ2.CASSLGVNEQFF,22
TRBV6-TRBJ2.CASIRREHEQYF,22
TRBV6-TRBJ1.CASRGGGQLIGNTIYF,22
TRBV6-TRBJ2.CASSSSGLTSYEQYF,22
TRBV6-TRBJ2.CASSFNPETGRTDTQYF,22
TRBV6-TRBJ2.CASSEGEGAKNIQYF,22
TRBV28-TRBJ2.CASSWRAANYEQYF,22
TRBV6-TRBJ1.CASSCGTGCGYTF,22
TRBV29-TRBJ1.CSVAETANYGYTF,22
TRBV7-TRBJ1.CASSFENSGNTIYF,22
TRBV6-TRBJ2.CASSYPPRGPAQYF,22
TRBV18-TRBJ2.CASSLGQDQETQYF,22
TRBV6-TRBJ1.CASSLEHNSPLHF,22
TRBV5-TRBJ2.CASSLALAGQETQYF,22
TRBV3-TRBJ2.CASSRGQAFSYEQYF,22
TRBV7-TRBJ2.CASSLDPAGFYEQYF,22
TRBV19-TRBJ2.CASSKDGTGAYEQYF,22
TRBV2-TRBJ1.CASRSGRSGNTIYF,22
TRBV10-TRBJ1.CASRSRRGNTIYF,22
TRBV28-TRBJ1.CASSLGDKNYGYTF,21
TRBV6-TRBJ1.CASSLYGTGNQPQHF,21
TRBV2-TRBJ2.CASSERSGGAYEQYF,21
TRBV2-TRBJ2.CASRGGRLALSYEQYF,21
TRBV6-TRBJ2.CASSELVAGGSDTQYF,21
TRBV19-TRBJ2.CASSIRTLGSYEQYF,21
TRBV6-TRBJ1.CASSAGISNQPQHF,21
TRBV6-TRBJ2.CASRGLAGVVHEQFF,21
TRBV18-TRBJ1.CASSAGTVSGNTIYF,21
TRBV2-TRBJ1.CASSGTGSNSPLHF,21
TRBV24-TRBJ1.CATSDFRIRNQPQHF,21
TRBV6-TRBJ2.CASSGTRVEQYF,21
TRBV20-TRBJ2.CSALEGEAQETQYF,21
TRBV20-TRBJ1.CSARAGGRAFNSPLHF,21
TRBV3-TRBJ1.CASSQEGFTLHF,21
TRBV29-TRBJ2.CSARDTTYEQYF,21
TRBV10-TRBJ2.CAISLTGQEETQYF,21
TRBV12-TRBJ1.CASSFSNQPQHF,21
TRBV19-TRBJ2.CASSIIADTQYF,21
TRBV5-TRBJ1.CASSLEGGSGYTF,21
TRBV4-TRBJ1.CASSRRTGRDTEAFF,21
TRBV2-TRBJ1.CASRNRVDGYTF,21
TRBV19-TRBJ1.CAIAEGRSANSPLHF,21
TRBV6-TRBJ1.CASSFRDRGSDGYTF,21
TRBV2-TRBJ2.CASSELAPGLLTQYF,21
TRBV12-TRBJ2.CASSGRRGGGNEQFF,21
TRBV28-TRBJ1.CASSWGNQPQHF,21
TRBV6-TRBJ2.CASSEPHEQYF,21
TRBV6-TRBJ1.CASSYAQGQPQHF,21
TRBV27-TRBJ1.CASSPGQTAPLHF,21
TRBV7-TRBJ2.CASSLRAGESHEQYF,21
TRBV6-TRBJ2.CASSELAGATGELFF,21
TRBV28-TRBJ2.CASRGTYYNEQFF,21
TRBV19-TRBJ2.CASSRGQYEQYF,21
TRBV6-TRBJ1.CASSYGGTGDGNTIYF,21
TRBV20-TRBJ1.CSASPTGARYGYTF,21
TRBV6-TRBJ2.CASSQGLAGFYEQYF,21
TRBV19-TRBJ2.CASSIGWGLFYEQYF,21
TRBV4-TRBJ1.CASSQDTGGTEAFF,21
TRBV7-TRBJ1.CASSSSWDRDSRGYTF,21
TRBV28-TRBJ2.CASTFQDGWGEQYF,21
TRBV28-TRBJ1.CASREAANYGYTF,21
TRBV12-TRBJ2.CASIAGDEDTQYF,21
TRBV12-TRBJ2.CASSLVGGSTYEQYF,21
TRBV4-TRBJ2.CASSQDSYEQYF,21
TRBV6-TRBJ2.CASSLGTSGTYEQYF,21
TRBV7-TRBJ1.CASSLALARPGNTIYF,21
TRBV6-TRBJ2.CASRGTSGTRFEQYF,20
TRBV6-TRBJ2.CASSEQRADEQYF,20
TRBV5-TRBJ2.CASSLDFYNEQFF,20
TRBV28-TRBJ1.CASRGQYTEAFF,20
TRBV24-TRBJ2.CAVGDRGYEQYF,20
TRBV20-TRBJ1.CSRKGVDGYTF,20
TRBV7-TRBJ2.CASSLTRFDEQYF,20
TRBV28-TRBJ1.CASVTGTDTIYF,20
TRBV20-TRBJ2.CSARGTSGSEQYF,20
TRBV28-TRBJ1.CASSSNTEAFF,20
TRBV10-TRBJ1.CAISEPRENTIYF,20
TRBV20-TRBJ1.CSARDDPTYGYTF,20
TRBV2-TRBJ1.CASGDRLYGYTF,20
TRBV7-TRBJ2.CASSLTSGDYEQYF,20
TRBV12-TRBJ1.CASSSHWDSGNTIYF,20
TRBV28-TRBJ2.CASSLEQGAGGETQYF,20
TRBV2-TRBJ1.CASKNNRDNQPQHF,20
TRBV6-TRBJ2.CASSYSGTTEQFF,20
TRBV6-TRBJ2.CASSYLGMGSGYEQYF,20
TRBV6-TRBJ2.CASSELAGGPDTQYF,20
TRBV6-TRBJ1.CASSSPRTRYNSPLHF,20
TRBV6-TRBJ1.CASSYDPSIPGRDLRGYTF,20
TRBV6-TRBJ2.CANNGRAFYEQYF,20
TRBV7-TRBJ2.CASSSGRIYEQYF,20
TRBV30-TRBJ1.CASTPGTGEEKLFF,20
TRBV15-TRBJ2.CATSVSYQETQYF,20
TRBV7-TRBJ2.CASSLGGTDQYF,20
TRBV6-TRBJ2.CASSSVGGTYEQYF,20
TRBV20-TRBJ1.CSAIKTGKGYTF,20
TRBV6-TRBJ2.CASSYDSNYEQYF,20
TRBV20-TRBJ2.CSARDGEGIPYEQYF,20
TRBV6-TRBJ2.CASSVRDQYNEQFF,20
TRBV6-TRBJ2.CASVPGMGREQYF,20
TRBV6-TRBJ2.CASSEAGQGSRGEQYF,20
TRBV6-TRBJ1.CASSAGTGGSREAFF,20
TRBV10-TRBJ2.CASSEEGSLYF,20
TRBV2-TRBJ1.CASSDGRNSNQPQHF,20
TRBV9-TRBJ2.CASSEGEGLYEQYF,20
TRBV6-TRBJ2.CASSYGGDTDTQYF,20
TRBV6-TRBJ2.CASSYGPYNEQFF,20
TRBV11-TRBJ2.CASSDSGGLEQYF,20
TRBV12-TRBJ2.CASSFKQGGTGELFF,20
TRBV6-TRBJ2.CASKLGTGDTAYEQYF,20
TRBV7-TRBJ2.CASLTNGGSYEQYF,20
TRBV20-TRBJ1.CSASSGPNSGNTIYF,20
TRBV2-TRBJ2.CASSTKGGVGQYF,20
TRBV24-TRBJ2.CATSGRATNEQFF,20
TRBV27-TRBJ1.CASLSWGSNYGYTF,20
TRBV6-TRBJ2.CASSDWTTPTDTQYF,20
TRBV2-TRBJ2.CASSEAGGLEQYF,19
TRBV24-TRBJ2.CATSDSRGDSYEQYF,19
TRBV20-TRBJ2.CSARAGVGKNIQYF,19
TRBV9-TRBJ1.CASSVRQGGNTIYF,19
TRBV7-TRBJ1.CASSLSPGGTEAFF,19
TRBV10-TRBJ2.CASSQTGPTEQYF,19
TRBV27-TRBJ1.CASSLNIRTGGAGYTF,19
TRBV29-TRBJ2.CSVGGSSGRSREQYF,19
TRBV12-TRBJ2.CASSPVVAGELFF,19
TRBV5-TRBJ2.CASSSIGTVQETQYF,19
TRBV27-TRBJ2.CASSIGAAMVEQYF,19
TRBV28-TRBJ2.CASSLSRGGQPYEQYF,19
TRBV19-TRBJ1.CASSIGGLNQPQHF,19
TRBV10-TRBJ2.CAISYTHRGTEQYF,19
TRBV10-TRBJ2.CASSTGTNYNEQFF,19
TRBV28-TRBJ1.CASGPKTSPLHF,19
TRBV6-TRBJ2.CASSELGGTDTQYF,19
TRBV4-TRBJ1.CASSQDAGADGSPLHF,19
TRBV6-TRBJ1.CASSYLRKNRDIYSSGNTIYF,19
TRBV6-TRBJ2.CASSGEQGRHSTGELFF,19
TRBV20-TRBJ1.CSARDNDNSPLHF,19
TRBV6-TRBJ2.CASRARTGSSRAYEQYF,19
TRBV2-TRBJ2.CASSAAGETYEQYF,19
TRBV5-TRBJ2.CASSFPGEETQYF,19
TRBV19-TRBJ1.CASSEGQRYGYTF,19
TRBV7-TRBJ2.CASSAGLSSYEQYF,19
TRBV5-TRBJ2.CASSLRQGPYNEQFF,19
TRBV12-TRBJ2.CASSLGGGQTYNEQFF,19
TRBV28-TRBJ2.CASSLAPGTSVNEQFF,19
TRBV6-TRBJ1.CASSLGVNTEAFF,19
TRBV6-TRBJ1.CASSPGGNQPQHF,19
TRBV27-TRBJ1.CASSDSRGSRGPRSPLHF,19
TRBV7-TRBJ2.CASSDRGPYEQYF,19
TRBV7-TRBJ1.CASSLGGSAGYTF,19
TRBV6-TRBJ2.CASSYDPGQGYEQYF,19
TRBV28-TRBJ1.CASSRWGGRSNTIYF,19
TRBV19-TRBJ1.CASTSTGASSGNTIYF,19
TRBV28-TRBJ2.CASRRHVMGEQYF,19
TRBV19-TRBJ2.CASSIGQGADTQYF,19
TRBV6-TRBJ1.CASSELSSSPLHF,19
TRBV6-TRBJ2.CASYESGSSYEQYF,19
TRBV5-TRBJ2.CASSSKGGALYEQYF,19
TRBV2-TRBJ2.CASILLQGAGELFF,19
TRBV28-TRBJ1.CASRGGVVGAFF,19
TRBV2-TRBJ1.CASSATGGGNTIYF,19
TRBV7-TRBJ2.CASSLDGGARYEQYF,19
TRBV6-TRBJ1.CASSGNAGVVQPQHF,19
TRBV28-TRBJ1.CASQRQGRNNQPQHF,19
TRBV27-TRBJ2.CASSRRRPEETQYF,19
TRBV6-TRBJ1.CASTLTYLNTEAFF,19
TRBV6-TRBJ2.CAGTLGFSGGTYEQYF,19
TRBV6-TRBJ2.CASANVYEQYF,19
TRBV7-TRBJ2.CASSPVAGVLSHEQYF,19
TRBV6-TRBJ2.CASSYSRTGDEQYF,19
TRBV20-TRBJ2.CSARDRGEQYF,19
TRBV5-TRBJ2.CASSLGTSGKETQYF,19
TRBV28-TRBJ1.CASSDRGSPLHF,19
TRBV7-TRBJ1.CASSLTGLYQPQHF,19
TRBV6-TRBJ2.CASSYGELYEQYF,19
TRBV5-TRBJ2.CASSLDGRALEQYF,19
TRBV6-TRBJ1.CASSSGTTNSPLHF,18
TRBV27-TRBJ1.CASSTGSRNTIYF,18
TRBV7-TRBJ2.CASSFSATGYEQYF,18
TRBV28-TRBJ2.CASSETGNSYEQYF,18
TRBV30-TRBJ1.CAWARDRVGGYTF,18
TRBV20-TRBJ2.CSARAGGDTGELFF,18
TRBV6-TRBJ2.CASSPDRGPYEQYF,18
TRBV19-TRBJ1.CASTLGGPAQPGYTF,18
TRBV11-TRBJ2.CASSLRGRKYEQYF,18
TRBV20-TRBJ2.CSASFRQETQYF,18
TRBV28-TRBJ2.CASSRTGSSTDTQYF,18
TRBV6-TRBJ2.CASIQAPGQGVYEQYF,18
TRBV29-TRBJ2.CSVKIMGLETQYF,18
TRBV6-TRBJ2.CASRTGRPVTGELFF,18
TRBV24-TRBJ2.CATSDQSGTGSSYEQYF,18
TRBV7-TRBJ1.CASSLGRSGGYTF,18
TRBV19-TRBJ2.CASRQTRIGEQYF,18
TRBV20-TRBJ2.CSAREQGPETQYF,18
TRBV20-TRBJ2.CSARRASGVETQYF,18
TRBV2-TRBJ1.CASSLRASSDQPQHF,18
TRBV7-TRBJ1.CASSLTGDGNTEAFF,18
TRBV7-TRBJ2.CASSILAGAEYEQYF,18
TRBV12-TRBJ2.CASSLREAVYEQYF,18
TRBV6-TRBJ2.CASSYRLPGNEQFF,18
TRBV3-TRBJ1.CASSHSGTGNGYTF,18
TRBV12-TRBJ1.CAGRGSGNTIYF,18
TRBV20-TRBJ1.CSASLVDRETGYTF,18
TRBV6-TRBJ2.CASSGTEFTGELFF,18
TRBV2-TRBJ2.CASSEQGRGAKEQYF,18
TRBV12-TRBJ2.CASSRRQGWSGELFF,18
TRBV4-TRBJ2.CASSHVQNEQYF,18
TRBV6-TRBJ2.CATEIGTLTTGELFF,18
TRBV12-TRBJ2.CASGDYGSHQVDTQYF,18
TRBV12-TRBJ1.CASSFWGGNNQPQHF,18
TRBV5-TRBJ1.CASSLNPGNSGNTIYF,18
TRBV27-TRBJ2.CASSLTPPGLLTDTQYF,18
TRBV6-TRBJ1.CASRRASYGYTF,18
TRBV6-TRBJ1.CASRRIPGYTF,18
TRBV19-TRBJ2.CASSRTGRSSGANVLTF,18
TRBV2-TRBJ1.CASWGLFTNYGYTF,18
TRBV2-TRBJ2.CASTPDFTDTQYF,18
TRBV12-TRBJ2.CASSHQPLGGRGLADYEQYF,18
TRBV28-TRBJ1.CASRLLNTEAFF,18
TRBV6-TRBJ2.CASSTPHSTDTQYF,18
TRBV11-TRBJ2.CASSPDSDSYEQYF,18
TRBV3-TRBJ2.CASSPKESSYNEQFF,18
TRBV6-TRBJ2.CASLAAGRAEQYF,18
TRBV6-TRBJ2.CASSHLGQVYSYEQYF,18
TRBV20-TRBJ2.CSATGSAYEQYF,18
TRBV28-TRBJ1.CASRRREIGYTF,18
TRBV20-TRBJ2.CSARLTGVQKETQYF,18
TRBV12-TRBJ1.CASSDISRGYTF,18
TRBV28-TRBJ1.CASSTGYGYTF,18
TRBV5-TRBJ2.CASSLEGRDPYEQYF,18
TRBV12-TRBJ1.CASSFVPGNTIYF,18
TRBV12-TRBJ1.CASSPTGPVGYTF,18
TRBV24-TRBJ1.CATSDSNGSNQPQHF,18
TRBV27-TRBJ1.CASSLMPLGTGVRSPLHF,18
TRBV12-TRBJ1.CASSVWTEKGPQHF,18
TRBV9-TRBJ1.CASSVEGGRNTIYF,18
TRBV6-TRBJ2.CASELSGGAYNEQFF,18
TRBV6-TRBJ2.CASIEGGSSDTQYF,18
TRBV30-TRBJ1.CAWTGQGASGNTIYF,18
TRBV24-TRBJ2.CATSDPDRPYEQYF,18
TRBV7-TRBJ2.CASSPPQYGNNEQFF,18
TRBV7-TRBJ2.CASSPRTAYEQYF,17
TRBV5-TRBJ2.CASSTERTGNEQYF,17
TRBV6-TRBJ1.CASRGRKGNQPQHF,17
TRBV20-TRBJ2.CSANKRGNSYEQYF,17
TRBV19-TRBJ2.CASSIRAAPNTGELFF,17
TRBV20-TRBJ2.CSAKTGTGPYEQYF,17
TRBV11-TRBJ2.CASSPRDKTSYEQYF,17
TRBV30-TRBJ2.CAWSVVGGETQYF,17
TRBV11-TRBJ2.CASSLGGRSYEQYF,17
TRBV6-TRBJ2.CASSYTGLTGELFF,17
TRBV25-TRBJ2.CASSDTLAYEQYF,17
TRBV18-TRBJ1.CASSPDRAEGYTF,17
TRBV6-TRBJ1.CASSYGQGTYGYTF,17
TRBV6-TRBJ2.CASSSAIPNEQFF,17
TRBV11-TRBJ1.CASSLDTSRNQPQHF,17
TRBV28-TRBJ2.CASSPWGQSGLYEQYF,17
TRBV6-TRBJ2.CASSYVREQFF,17
TRBV12-TRBJ2.CASSLEQGNTGELFF,17
TRBV7-TRBJ2.CASSTQGLSYNEQFF,17
TRBV20-TRBJ2.CSARGQVYEQYF,17
TRBV6-TRBJ1.CASSREGRSGNTIYF,17
TRBV2-TRBJ2.CASSEADTQYF,17
TRBV12-TRBJ1.CASSLKANTEAFF,17
TRBV19-TRBJ2.CASSISAGEPYNEQFF,17
TRBV28-TRBJ2.CASSIFQGRQVGELFF,17
TRBV6-TRBJ1.CASSYSTRGATEAFF,17
TRBV6-TRBJ2.CASSWTPRRYNEQFF,17
TRBV9-TRBJ2.CASSARTSGTTDTQYF,17
TRBV12-TRBJ1.CASRIDRAGGYTF,17
TRBV6-TRBJ2.CASSEWGVPYNEQFF,17
TRBV6-TRBJ1.CASSKNPGGTTEAFF,17
TRBV4-TRBJ2.CASSQGTGELFF,17
TRBV20-TRBJ2.CSASQWQIYEQYF,17
TRBV19-TRBJ2.CASRDPSGEQYF,17
TRBV28-TRBJ1.CASSFGDRVYGYTF,17
TRBV7-TRBJ2.CASSFSLRSYEQYF,17
TRBV6-TRBJ2.CASSSGTRYEQYF,17
TRBV19-TRBJ2.CASSGLAGSDTQYF,17
TRBV12-TRBJ2.CASSSGSVGEQYF,17
TRBV14-TRBJ1.CASSFTDRTALHF,17
TRBV6-TRBJ1.CASSYRTNQPQHF,17
TRBV2-TRBJ2.CASSGQGGNTGELFF,17
TRBV6-TRBJ2.CASSSQLPFLNPTGYEQYF,17
TRBV6-TRBJ1.CASSEWVASPLHF,17
TRBV20-TRBJ2.CSARVTGQETQYF,17
TRBV19-TRBJ2.CASSIAWGTEQYF,17
TRBV20-TRBJ2.CSATGQGQETQYF,17
TRBV6-TRBJ2.CASSGGADTDTQYF,17
TRBV7-TRBJ2.CASRPSATYEQYF,17
TRBV12-TRBJ2.CASSPGQYEQYF,17
TRBV6-TRBJ2.CASTAGTDTQYF,17
TRBV6-TRBJ1.CARGEGGNNYGYTF,17
TRBV27-TRBJ2.CASSSGTGFEQYF,17
TRBV14-TRBJ1.CASSQAQTGAPNSPLHF,17
TRBV6-TRBJ1.CASSYSSPGRGSNQPQHF,17
TRBV6-TRBJ1.CASRRRSNQPQHF,17
TRBV27-TRBJ1.CASSPKRQFRPSSYNSPLHF,17
TRBV28-TRBJ1.CAGKPGGVQNTIYF,17
TRBV5-TRBJ2.CASSLVGLDEQYF,17
TRBV12-TRBJ1.CASSLPGVRYGYTF,17
TRBV5-TRBJ2.CASSRTGGSYEQYF,16
TRBV6-TRBJ2.CASGGQETYNEQFF,16
TRBV6-TRBJ2.CASSVGTSYNEQFF,16
TRBV12-TRBJ2.CASRPGLNEQYF,16
TRBV6-TRBJ2.CASSYSRGDNEQFF,16
TRBV6-TRBJ2.CASTLGGLKSEQYF,16
TRBV19-TRBJ2.CASSTLGSGPTGELFF,16
TRBV2-TRBJ1.CASSEDSPGNTIYF,16
TRBV27-TRBJ2.CASSQINEQFF,16
TRBV13-TRBJ2.CASSLGFSLSWEQYF,16
TRBV20-TRBJ2.CSASTRVGAENIQYF,16
TRBV28-TRBJ1.CASSGLRTSLYGYTF,16
TRBV6-TRBJ2.CASSDSEDASGGGTDTQYF,16
TRBV2-TRBJ2.CASSQGYEQYF,16
TRBV28-TRBJ1.CASSSRNSGNTIYF,16
TRBV6-TRBJ1.CASSPRDVGNQPQHF,16
TRBV10-TRBJ2.CAIESTGNSYEQYF,16
TRBV7-TRBJ1.CASSLVRYQPQHF,16
TRBV5-TRBJ2.CASSSPPGRVDDEQYF,16
TRBV5-TRBJ2.CASSSSVREQYF,16
TRBV6-TRBJ1.CASNLDGSGGYTF,16
TRBV6-TRBJ1.CASSEALGTLNSPLHF,16
TRBV6-TRBJ2.CASSASGHSYNEQFF,16
TRBV20-TRBJ2.CSARLAGQETQYF,16
TRBV6-TRBJ2.CASSVIPNTGELFF,16
TRBV6-TRBJ2.CASSGLQGLAGARMTDTQYF,16
TRBV27-TRBJ2.CASSSGLAGVGEQFF,16
TRBV9-TRBJ2.CASSVEIGRGGVTQYF,16
TRBV6-TRBJ1.CASSDSDPTEAFF,16
TRBV29-TRBJ1.CSVRFLQGRNYGYTF,16
TRBV5-TRBJ2.CASSLSGETQYF,16
TRBV12-TRBJ1.CASSLALARGDTIYF,16
TRBV2-TRBJ1.CASSVVGLEAFF,16
TRBV2-TRBJ2.CASSERRDNEQFF,16
TRBV12-TRBJ1.CASIRGQDYTF,16
TRBV6-TRBJ2.CASSYSAEYNEQFF,16
TRBV30-TRBJ1.CAWSVRGATYGYTF,16
TRBV2-TRBJ1.CASSEYQGNTEAFF,16
TRBV6-TRBJ2.CASSVYTGTGPYEQYF,16
TRBV20-TRBJ1.CSARTGSSNQPQHF,16
TRBV28-TRBJ1.CASSSGQGTQPQHF,16
TRBV11-TRBJ1.CASSLESGNTIYF,16
TRBV5-TRBJ2.CASSLEASGIQETQYF,15
TRBV6-TRBJ1.CASSRDRESTEAFF,15
TRBV29-TRBJ2.CSVHGLAGGPRLQSSYNEQFF,15
TRBV28-TRBJ1.CASGDTGGNQPQHF,15
TRBV6-TRBJ1.CASSETGRYGYTF,15
TRBV20-TRBJ2.CSARGTGVEQYF,15
TRBV15-TRBJ2.CATSTTQGFSYEQYF,15
TRBV20-TRBJ2.CSASFYRDPYEQYF,15
TRBV28-TRBJ1.CASSGKNTEAFF,15
TRBV28-TRBJ2.CASSSPLAGGTFSYEQYF,15
TRBV7-TRBJ2.CASSRGGRGRSYEQYF,15
TRBV6-TRBJ2.CASSYRSNTGELFF,15
TRBV27-TRBJ2.CASRGEGGNTGELFF,15
TRBV28-TRBJ2.CASSPTWGVRDYEQYF,15
TRBV28-TRBJ1.CASTERGRVHTEAFF,15
TRBV6-TRBJ2.CASSYGPSYEQYF,15
TRBV4-TRBJ1.CASRRTVPGNTIYF,15
TRBV28-TRBJ1.CASGTGGLNTEAFF,15
TRBV10-TRBJ2.CASKDSASYEQYF,15
TRBV12-TRBJ1.CASSRGLYSNQPQHF,15
TRBV28-TRBJ2.CASRDGGGSYNEQFF,15
TRBV2-TRBJ2.CASALRDNYEQYF,15
TRBV6-TRBJ1.CASSVRTGGTTNEKLFF,15
TRBV12-TRBJ2.CASSFPGQGTYEQYF,15
TRBV6-TRBJ2.CASSRTGAGPGELFF,15
TRBV6-TRBJ2.CASSDSSGGATDTQYF,15
TRBV24-TRBJ2.CATASGDSYNEQFF,15
TRBV10-TRBJ1.CASSPGSGNTIYF,15
TRBV12-TRBJ2.CASSSYNEQFF,15
TRBV6-TRBJ1.CASSESLGSSGNTIYF,15
TRBV5-TRBJ2.CASSFGLAGLETQYF,15
TRBV27-TRBJ2.CASSSGTTNTDTQYF,15
TRBV19-TRBJ2.CATNRLKGQGTYEQYF,15
TRBV7-TRBJ2.CASSLARNEQYF,15
TRBV6-TRBJ1.CASSPRTGAEKGAFF,15
TRBV11-TRBJ1.CASSLETGTANSPLHF,15
TRBV6-TRBJ2.CASSGGTGGLSYEQYF,15
TRBV2-TRBJ2.CASRKVSYEQYF,15
TRBV28-TRBJ1.CASSPGTARTNYGYTF,14
TRBV30-TRBJ1.CAWSSSYNSPLHF,14
TRBV6-TRBJ1.CASSLRGRGYTF,14
TRBV7-TRBJ1.CASSLFGDRNYGYTF,14
TRBV7-TRBJ1.CASRQGHGGTEKLFF,14
TRBV20-TRBJ2.CSADGLAGHETQYF,14
TRBV10-TRBJ2.CAISESKRYEQYF,14
TRBV28-TRBJ1.CASTHTGEQYQPQHF,14
TRBV2-TRBJ1.CASSWGRQFLLDPNYGYTF,14
TRBV6-TRBJ2.CASSPRTASYNEQFF,14
TRBV28-TRBJ1.CASRQGQGALSNQPQHF,14
TRBV2-TRBJ1.CASSLQGQGTTSPLHF,14
TRBV2-TRBJ1.CASSGVSRSPLHF,14
TRBV2-TRBJ1.CASSTQINYGYTF,14
TRBV15-TRBJ2.CATSRLIPGQNTGELFF,14
TRBV2-TRBJ1.CASSEAALNQPQHF,14
TRBV6-TRBJ1.CASSPDKRSYNSPLHF,14
TRBV2-TRBJ1.CASSDPGTTRNSALHF,14
TRBV7-TRBJ2.CASSPRLQSTYEQYF,14
TRBV16-TRBJ1.CASSQSTGYYGYTF,14
TRBV27-TRBJ2.CASSFLPSRHSSYNEQFF,14
TRBV10-TRBJ1.CAISRDRGNSPLHF,14
TRBV2-TRBJ1.CASSDAGDNQPQHF,14
TRBV20-TRBJ1.CSARDRWGREAFF,14
TRBV7-TRBJ2.CASSQRGQGKNEQYF,14
TRBV7-TRBJ1.CASSLMQNEAFF,14
TRBV6-TRBJ1.CASSSTGETGSYNSPLHF,14
TRBV6-TRBJ2.CASSYDSSYNEQFF,14
TRBV19-TRBJ2.CASNGGSSYEQYF,13
TRBV20-TRBJ2.CSAKKRETQYF,13
TRBV2-TRBJ1.CASSEGRTPNTEAFF,13
TRBV29-TRBJ1.CSVDDTGGLGYGYTF,13
TRBV28-TRBJ2.CASRLTGTGPYNEQFF,13
TRBV2-TRBJ1.CASGQGTALNSPLHF,13
TRBV5-TRBJ2.CASSTGRSSYEQYF,13
TRBV30-TRBJ2.CAWKGGGEADTQYF,13
TRBV14-TRBJ2.CASSQVALGEQYF,13
TRBV19-TRBJ1.CASSRGNQPQHF,13
TRBV28-TRBJ2.CASSLEGANVLTF,13
TRBV28-TRBJ1.CASMLQNTEAFF,13
TRBV11-TRBJ2.CASSKSVSGPYEQYF,13
TRBV28-TRBJ1.CASSETQGQPQHF,13
TRBV6-TRBJ1.CASRTGGDYGYTF,13
TRBV29-TRBJ2.CSGSNGLAGRAYEQYF,13
TRBV12-TRBJ1.CASREGPFNSPLHF,13
TRBV27-TRBJ2.CASSPRDRLWELFF,13
TRBV28-TRBJ1.CASSLSLLYGYTF,13
TRBV6-TRBJ2.CASSARNRAADTQYF,13
TRBV6-TRBJ1.CASLKGVGYGYTF,12
TRBV20-TRBJ2.CSARGGGPSTDTQYF,12
TRBV6-TRBJ1.CASSYQRQQGAEAFF,12
TRBV6-TRBJ2.CASSYAGTPTGELFF,12
TRBV6-TRBJ2.CASSYSSGDYNEQFF,12
TRBV14-TRBJ1.CASSQGGLNGYTF,12
TRBV20-TRBJ2.CSARSREGQETQYF,12
TRBV19-TRBJ2.CASSIAASGNYEQYF,12
TRBV9-TRBJ1.CASGRVGNTIYF,12
TRBV12-TRBJ2.CASSSGLWEQYF,12
TRBV24-TRBJ2.CATSDNTGFEQYF,11
TRBV19-TRBJ1.CASSSTGLPGNTIYF,11
TRBV27-TRBJ2.CASKTGEYNEQFF,11
TRBV19-TRBJ2.CASSAGTEYEQYF,11
TRBV7-TRBJ2.CASSLDGLSTEQYF,11
TRBV18-TRBJ2.CASSPPAGTSGGPGQYF,10
TRBV20-TRBJ2.CSAEQTGSETQYF,9
TRBV6-TRBJ2.CASRRSGTGGLREQYF,9
